Word1,Word2,Word1_Freq,Word2_Freq,Bigram_Freq,t_score,chi_square,likelihood_ratio
stepan,trofimovitch,525,513,512,22.62054167760603,1684023.0901813414,67.69672794302696
pyotr,stepanovitch,834,509,509,22.55015968059954,1055557.609716647,64.95874949569
varvara,petrovna,474,507,422,20.53588115773149,1282040.0231020227,66.41113958495839
katerina,ivanovna,427,635,410,20.24072172053556,1072464.6671237922,67.44702424540952
nikolay,vsyevolodovitch,518,312,312,17.65823657060247,1042110.2091846908,65.42750409906333
fyodor,pavlovitch,306,461,291,17.053945418664053,1038649.7552114284,67.58050380305419
old,man,1356,2546,290,16.91228274032856,41594.2328582344,64.819566503012
nastasia,philipovna,417,251,243,15.58457882085216,976192.3171588288,65.62915514722695
young,man,776,2546,234,15.222454312333372,47513.15218645042,65.15219013851075
old,woman,1356,1047,215,14.606949126259892,55937.09016038057,65.05062744892248
pyotr,petrovitch,834,331,172,13.102718518557722,185185.07156902517,65.33188216807744
lizabetha,prokofievna,185,177,171,13.075250398056978,1545609.9091573455,67.67708815282532
great,deal,1202,250,165,12.831719517092992,156515.7088529612,65.29010698278367
dmitri,fyodorovitch,427,327,162,12.721585270527886,325065.2925227744,65.6376201480293
evgenie,pavlovitch,227,461,158,12.564996148515084,412670.8310572211,66.37494211265886
ha,ha,252,252,157,12.52703654837255,671651.5300996804,66.1665815285264
mavriky,nikolaevitch,149,132,132,11.488136456583653,1533421.8637098595,67.52741390193668
open,door,682,750,128,11.287593386270204,55197.04053013142,1324.4073238738752
old,lady,1356,681,119,10.85981484918598,26310.7816507915,1060.7439859841506
next,day,356,1711,119,10.876458545637234,40010.19981802715,1193.6498603613409
avdotya,romanovna,119,112,112,10.582277787431117,1629146.3606398557,68.34026323033781
ask,question,1621,897,109,10.359858840736797,13928.599934681377,851.8159832560573
alexey,fyodorovitch,226,327,106,10.291483900285435,262999.19551217085,66.21681012879537
nikolay,parfenovitch,518,103,103,10.145854880936367,344029.97290392034,65.83469947166452
young,lady,776,681,97,9.817864045244786,30629.906941794117,936.8957140442654
pyotr,ilyitch,834,100,92,9.586640506808584,175510.62352223136,1216.6969740987702
madame,hohlakov,247,93,90,9.485434327771499,610275.3090765425,1445.717234964674
father,zossima,1140,97,87,9.320530982778156,118323.96778122148,1088.6463147198137
last,time,1586,2625,86,9.01429938902356,2905.88661977253,452.52382194841897
look,round,2970,493,84,9.072869819416187,8175.494394639079,608.5600489657484
andrey,antonovitch,142,83,83,9.10968630726086,1011736.10539952,1458.1787791174327
rodion,romanovitch,97,82,82,9.05487776214727,1463329.7365532483,67.69794747157971
porfiry,petrovitch,213,331,82,9.050887837479461,164944.32184757863,1120.3458059514332
last,night,1586,587,80,8.884147954853765,11741.64691641529,645.5040139320513
marfa,petrovna,143,507,76,8.71299404798844,137769.5306307776,1039.010273514361
lizaveta,nikolaevna,159,76,76,8.716997214103062,827342.6988040047,1305.0012748353108
turn,round,1279,493,76,8.676018513989733,15706.731413253558,665.0828125521556
mlle,blanche,141,104,75,8.659275960787422,663927.5964409359,1263.1059740053547
hold,hand,550,1662,75,8.599284299862166,10503.666346205893,605.0574147585917
last,year,1586,871,73,8.450611426330873,6533.2087619973745,518.2972942343
tell,story,2482,386,72,8.42006238182044,9224.074062175563,560.2245652843952
father,païssy,1140,73,72,8.479616207265341,107697.57539569803,913.6285998592982
sofya,semyonovna,135,71,71,8.425492699310292,910344.1240551213,1247.6527884664056
several,time,212,2625,70,8.328179377179866,15103.644722653333,640.2915614295142
good,heaven,1595,201,69,8.284330096277923,25571.48123234767,682.4125174201781
answer,question,818,897,68,8.194813686552692,10774.32527790976,561.1906044106767
half,hour,387,508,68,8.232440061169077,40582.625350819784,746.614743869413
nina,alexandrovna,93,242,67,8.183764546372604,345168.7648885713,1079.0960030532412
twenty,year,188,871,64,7.988176739221098,43176.56105895919,731.1094070915808
tell,lie,2482,568,64,7.898208532086881,4902.705446360095,433.8782081336257
marya,timofyevna,125,64,63,7.93667173485264,858768.581371056,1112.6119536268677
last,day,1586,1711,62,7.674936598476976,2329.897624704136,337.49961992485584
aglaya,ivanovna,480,635,59,7.6582243970490325,19653.593667223264,575.9835562325866
right,hand,927,1662,59,7.56528508759105,3794.3780874170006,382.4128465769575
utter,word,169,1439,58,7.5973278470595895,23831.478098419957,605.5504488503119
gavrila,ardalionovitch,61,67,58,7.615463119997929,1424835.5521528055,1154.5944845676122
good,thing,1595,1295,56,7.323878294959789,2517.610593657279,323.3568555595108
cry,mitya,1704,911,56,7.363490389472475,3386.228470867845,354.6489998647381
ivan,fyodorovitch,797,327,55,7.395899424597577,19984.22714411971,543.2594549292886
wave,hand,101,1662,53,7.266791070500111,28864.070238131237,596.8705990412502
raise,head,265,804,52,7.194035774384958,21867.309703149233,535.9527634625625
general,epanchin,935,204,52,7.195823676630524,24438.31959348832,539.4734728264186
tell,everything,2482,811,52,7.049862765717243,2222.75085951666,294.62477121172543
clasp,hand,61,1662,51,7.133228179960132,44312.91332860678,654.3428041967039
dear,fellow,480,375,51,7.126869189773746,24914.03067376165,535.7425508242306
turn,pale,1279,238,51,7.11680697632178,14690.676558352474,478.74396667349254
sofya,matveyevna,135,51,51,7.140871537659931,653909.159532552,885.1195222613562
tell,truth,2482,328,50,7.004564714933412,5216.815003317787,368.5875481602249
kiss,hand,308,1662,50,7.029251282479339,8355.167380202522,422.1387763795013
sit,beside,1134,231,49,6.978383854954292,15769.920486228939,470.90006897704507
ask,prince,1621,1984,49,6.734614070026494,1196.3150674080057,227.80456935651333
darya,pavlovna,62,59,49,6.9996981460158,1136212.993365028,944.4288510394622
praskovya,ivanovna,73,635,48,6.924338428552276,85950.80973374152,665.6179211793119
day,yesterday,1711,385,48,6.8732818590501,5959.468856061375,370.49460932410653
oh,dear,1118,480,48,6.883461407456919,7337.036992963742,390.7593120021843
whole,world,889,429,47,6.823520852988859,9933.552687268655,413.0618476358012
eye,fix,1211,159,47,6.839431136383516,19767.206600785008,476.42082713408496
face,look,1410,2970,47,6.502814542721177,821.6252570842797,191.145558769726
talk,nonsense,1065,277,46,6.757205235246925,12325.695178487227,425.37869222383864
von,lembke,74,127,46,6.781529581842033,389696.45999338664,777.6939762437182
little,child,1465,758,45,6.61258325315891,3067.5859349890475,295.2031465031463
good,deal,1595,250,45,6.673868249511977,8701.9347821743,386.47052579678984
face,hand,1410,1662,45,6.506416029737458,1407.326251347304,229.42206545469466
gentleman,jury,637,62,44,6.629810391774662,84775.9215317913,580.840290452739
put,hand,1071,1662,44,6.478244689215765,1795.9557423926906,246.36839083793228
last,word,1586,1439,44,6.434507931187872,1381.872993195042,224.48695728558948
begin,talk,1745,1065,44,6.471415512279045,1716.5440675764357,241.9808925582212
look,straight,2970,290,44,6.558246455408314,3803.84178009442,308.0796522833038
eye,flash,1211,142,43,6.542290726089925,18528.676353586183,437.79986478792586
thou,didst,169,50,43,6.556694180232427,378730.560383949,707.2060643342019
next,morning,356,497,43,6.5418529284537374,18005.797847371465,439.2090041193232
middle,room,123,1129,42,6.468363405758004,21907.24718673911,458.3336083939642
last,month,1586,356,42,6.4304161614999495,5325.041770012201,325.8374291770425
next,room,356,1129,41,6.366866285997077,7158.798256264649,347.58376198980426
mother,sister,762,314,41,6.381539640533599,12080.889960029976,387.2983026292342
hold,tongue,550,100,41,6.398162634420918,52829.982424305956,508.544697996365
hide,face,217,1410,41,6.375522388822657,9429.427141700178,373.19930712281854
lef,nicolaievitch,43,41,41,6.402965195503575,1650602.7917160396,857.1844378468182
whole,life,889,1043,41,6.31947819605205,3057.095286340445,276.65441541765455
ippolit,kirillovitch,43,41,41,6.402965195503575,1650602.7917160396,857.1844378468182
whole,truth,889,328,41,6.376819442060939,9898.405496989793,370.8147916820911
cry,prince,1704,1984,40,6.015787157341512,741.2802103935986,166.33089316606976
trifon,borissovitch,45,39,39,6.24483566941506,1500300.5343470774,799.3194088939572
new,life,511,1043,39,6.195700582309291,4862.82891304974,303.2739983663243
agrafena,alexandrovna,41,242,39,6.244080261547871,265308.4526169734,676.2985532049707
many,year,532,871,39,6.202138337049621,5604.88189932528,313.9929548267393
quarter,hour,105,508,39,6.240064307246701,49287.69121584074,495.93939628518984
commit,murder,103,412,39,6.241072874331781,61972.272556505435,514.1489648782556
arina,prohorovna,44,44,39,6.244818927793418,1360027.541407552,794.09461146106
eye,look,1211,2970,38,5.827390610756623,621.1264341567597,150.11934855083982
return,home,331,469,38,6.149867443405921,16027.397886090286,388.4372878858448
whole,town,889,549,37,6.036415224348934,4782.275359000681,289.0039896449722
semyon,yakovlevitch,51,37,37,6.082583336782806,1255898.9814821482,735.8083227984971
pyotr,alexandrovitch,834,55,37,6.078406617976002,51594.24132048428,463.6012881623614
write,letter,602,544,37,6.051663576415979,7163.159725251229,319.10426473535057
shrug,shoulder,37,175,36,5.999376638790146,346436.57146217494,653.1727260992265
thank,god,158,803,36,5.987785586078914,17612.098193083773,383.1978075009597
enter,room,276,1129,36,5.97000125923778,7128.48222219772,314.70927273909587
sort,thing,699,1295,36,5.912854102862397,2407.124933480162,235.5780523084962
new,idea,511,798,36,5.960742395763416,5430.354286705125,293.1505669871835
expression,face,318,1410,36,5.956833559957626,4932.146272827328,287.97865257848457
prince,muishkin,1984,129,36,5.9753605290184995,8694.569817321015,324.5994181688739
begin,speak,1745,1198,36,5.79874241809852,1002.4590372326586,175.5488390389539
dear,boy,480,461,36,5.978696931503241,10067.512200189723,337.13442772388487
something,sort,1444,699,35,5.817528655396067,2031.6527778327486,218.63308353871835
wait,bit,639,158,35,5.9062220926958275,20935.261761762402,379.8657229304923
little,girl,1465,465,35,5.849566588577712,3043.5020151091903,245.77324090308034
burst,tear,159,449,35,5.90910933505365,29635.84939281634,410.4684012884811
point,view,586,164,34,5.821431537345075,20756.101712696658,370.5067976559617
time,time,2625,2625,34,5.148345412284819,226.414587295346,86.16679808687282
tell,something,2482,1444,34,5.47590905122101,492.460212317732,126.86475651355346
open,eye,682,1211,34,5.749135505307389,2355.6146019090615,224.74993220799198
loud,voice,110,588,34,5.8245444953289995,30873.195926482633,407.16686634721594
general,ivolgin,935,49,34,5.82641332018792,43613.662085731834,420.06856498911725
good,god,1595,803,34,5.704073397790791,1495.2769664299606,194.46239285410667
thousand,franc,614,50,33,5.741475674775084,61343.89831962191,432.7418523066749
father,ferapont,1140,35,33,5.740550588774462,47184.23191969761,414.6118938129304
wait,minute,639,677,33,5.701063192285097,4292.248637082406,258.5036020962989
ilya,petrovitch,40,331,33,5.743231327119743,142327.0087052496,528.0104520487516
ivan,fedorovitch,797,34,33,5.741837866054893,69506.80087667397,440.5546407263217
pale,face,238,1410,32,5.622587545583286,5218.853547333985,267.65789976717326
press,hand,128,1662,32,5.635131377083998,8269.244423435972,300.9339351100783
young,fellow,776,375,32,5.6271396930898945,6028.109479230808,273.59557953921507
ivan,petrovitch,797,331,32,5.629916421379423,6656.045881265518,279.8087930049965
brother,ivan,548,797,32,5.612256274247968,3995.1660576112286,248.32912519244778
seem,strange,1349,548,31,5.491070093786421,2188.930180979758,205.21759511732242
alexis,ivanovitch,32,82,31,5.56749213392571,633965.8086803405,608.4719979752123
brother,dmitri,548,427,31,5.543488267291388,7048.038606373503,277.02866966401996
cry,alyosha,1704,1239,31,5.348730480359744,727.2286411565336,141.5653532942645
last,week,1586,199,31,5.535020744916338,5209.459774260599,257.4019552258153
begin,look,1745,2970,31,5.030086340371075,262.0049166907686,89.36433728776746
great,thing,1202,1295,31,5.406274732432567,1007.7027171135065,160.05810672061028
law,nature,141,225,30,5.47387983454151,49052.2452757301,390.95981897207264
second,time,304,2625,30,5.393067941415702,1892.9489202680986,194.43431649058851
last,moment,1586,1301,30,5.259619455956965,696.3028458891682,136.45066241893005
poor,woman,422,1047,30,5.4306294548763345,3466.6597042140656,228.66960911783994
whole,day,889,1711,30,5.316811528418389,965.2076692872697,154.55848745135748
shake,head,194,804,30,5.460776237878726,9929.353829612237,293.5352032399509
beg,pardon,317,72,30,5.47481854017684,68205.23400406225,406.7545458446416
alexey,yegorytch,226,31,30,5.476486717431042,222333.01004175137,478.83848683087405
old,friend,1356,606,30,5.390564726388154,1836.5646461213605,190.3782538346243
thousand,year,614,871,30,5.420825828782602,2853.739880074718,216.63141956566983
marfa,ignatyevna,143,45,30,5.476546935487191,242066.71700377532,486.55378088799085
young,girl,776,465,30,5.4391711383083035,4258.148239850902,239.73601611545865
third,time,156,2625,29,5.341240374696365,3497.655944459143,227.06360645089867
nothing,nothing,1567,1567,29,5.121780287761864,536.3529112069472,120.35725074293681
send,letter,591,544,29,5.3506791399145,4470.727334122794,236.7499729293489
alexey,nilitch,226,29,28,5.290787173142722,207033.6443106705,446.5158588282973
cry,pyotr,1704,834,28,5.136368305556098,899.8776257220541,143.733542628973
kill,father,432,1140,28,5.237742427309043,2700.265433875275,203.3897457308078
change,mind,330,851,28,5.260846604602906,4777.212474560425,235.2005327536029
grigory,vassilyevitch,188,29,28,5.290907469874959,248892.18803552998,457.596104083487
old,day,1356,1711,28,5.038233680922797,530.3391578000294,117.41520408854913
raise,hand,265,1662,27,5.147191875539091,2811.747615375257,201.19821509852153
forty,year,87,871,27,5.187728647344565,16600.822582733483,302.4020051306229
previous,day,81,1711,27,5.180745908181062,9052.365267923318,270.64425719671254
alyosha,look,1239,2970,27,4.787082899096682,291.08957614998036,88.01138826305939
peasant,woman,259,1047,27,5.166007386135409,4600.193633038369,227.27990801695302
burst,laugh,159,1027,27,5.177999902150291,7674.8345264567015,256.4963283733391
pay,attention,324,145,27,5.190929875409829,26809.56851646213,321.1101714228141
want,tell,1315,2482,27,4.8333276772037514,334.5626545527642,93.98872730158176
rise,seat,287,192,27,5.190026768252757,22849.072879485804,312.81352794015993
murder,father,412,1140,27,5.143940289578438,2633.3117850840113,196.73597646793942
straight,face,290,1410,27,5.150696918456678,3032.685628798233,204.92698537520633
sick,man,120,2546,27,5.162189190477612,4076.9999070395197,224.50512359896084
ask,forgiveness,1621,63,27,5.1847998855080055,12304.187657884162,277.3848087199016
cry,ivan,1704,797,26,4.945171288865314,810.5071734818596,131.98763666767388
mlle,polina,141,149,26,5.096639551945749,55652.48431406101,351.96480814421096
rest,life,310,1043,26,5.062391735053299,3567.693944182032,207.25843268439723
turn,head,1279,804,26,4.982528836214843,1086.6636633175247,146.20385301800883
marya,kondratyevna,125,26,26,5.098651343982006,360038.849877304,449.7033690114693
good,lord,1595,121,26,5.077156469275128,6011.974564625471,232.14978185606947
short,time,273,2625,26,5.01783811441591,1581.4790158333283,166.59448910199484
ring,bell,107,88,26,5.097952841268139,124235.94681536361,395.46823237604156
put,question,1071,897,26,4.990190049324814,1166.7407176863692,149.76465588235334
begin,feel,1745,533,26,4.993656734379914,1206.8042396689461,151.1764719447509
sort,man,699,2546,26,4.897415045745972,606.6250551078354,118.94605223756419
ask,look,1621,2970,26,4.553633443116355,193.86471381728578,70.13273302028716
stand,face,1039,1410,26,4.933061114178684,747.6880301805729,128.4103448746201
princess,bielokonski,54,31,26,5.098829877922494,699049.1096885809,493.59296300138806
dear,prince,480,1984,25,4.8899818970128335,1086.7267433207153,143.19618799543784
hear,word,1132,1439,25,4.811813498797948,615.1756103471693,116.38528440288827
many,thing,532,1295,25,4.92040924072583,1520.932035138723,158.96720894590197
state,mind,248,851,25,4.975618383947376,5076.935476557576,218.99687028077008
last,minute,1586,677,25,4.875956760778324,958.3333393322647,136.4454276843369
lebedeff,nephew,375,49,25,4.997877202366443,58834.568437117414,339.94771972841875
oh,god,1118,803,25,4.896285710654885,1155.7526890335034,145.35509886053936
ask,alyosha,1621,1239,25,4.767974579570542,489.8942010179985,106.19016254685317
till,moment,389,1301,24,4.839307219795396,1922.6466700912788,165.640860358442
captain,lebyadkin,258,141,24,4.89469020505598,27363.4965202719,292.29514762448696
left,hand,152,1662,24,4.869192933264047,3899.414021751616,201.18302656021294
stand,look,1039,2970,24,4.535133466617109,276.9288095284952,80.84675881227025
think,something,2317,1444,24,4.504486888693746,251.97497894463248,76.99696912562227
raskolnikov,look,782,2970,24,4.62513195253622,382.68817501201494,93.78937230788716
drop,eye,255,1211,24,4.862568707953325,3181.3186292106498,189.9485461980028
man,look,2546,2970,24,4.007399154243176,88.2409847443409,42.669462283614614
wait,till,639,389,24,4.869670816982464,3963.7726784783767,198.89646671844594
look,face,2970,1410,24,4.405213473325318,192.5388378087823,67.14180572065185
spend,night,216,587,24,4.884029613267943,7816.72287000924,232.92135220366401
hear,something,1132,1444,24,4.706245079152979,562.9832179853252,109.664122908307
nikodim,fomitch,24,26,24,4.89890591057492,1597988.30805275,533.0991501797222
thou,hast,169,33,24,4.898321909080393,178753.26841779583,383.5545525600458
think,nothing,2317,1567,24,4.470883987436592,228.7450798895694,73.39927793095563
investigate,lawyer,31,102,24,4.8986066584462895,315314.00562153885,434.3720331153147
afanasy,ivanovitch,34,82,24,4.8986507562776955,357618.66445118416,436.77197751768335
chief,thing,140,1295,24,4.877602649112146,5452.24072027068,217.40025581059126
many,time,532,2625,24,4.73432006963527,666.8594063875402,117.50042324233456
madame,virginsky,247,109,24,4.895805031248338,36990.037168791205,306.8385231779936
shake,hand,194,1662,24,4.860962438548936,3044.891146292859,188.64614099806732
catch,sight,309,144,23,4.7904722203944745,20535.830224068646,268.4504355284821
head,ache,804,58,23,4.790214950729036,19593.072527146316,265.2065730214408
word,word,1439,1439,23,4.546424360912243,397.4613807910832,92.7196825852117
heart,beat,897,201,23,4.774115723280113,5033.545145445917,203.08107624601212
head,look,804,2970,23,4.508224272044755,338.9027651740204,86.78604382502488
top,voice,81,588,23,4.79009498790751,19182.380035182865,270.8124526502458
walk,room,563,1129,23,4.719273683596444,1395.161797495321,145.98018977806774
dmitri,prokofitch,427,23,23,4.79464863689686,93203.97756987945,337.419535217819
real,life,215,1043,23,4.768822424002627,4038.0911534226043,195.03375237391404
god,bless,803,95,23,4.786643407007472,11959.129913776254,242.59997477760956
open,window,682,340,23,4.767902829482203,3903.624945277847,191.75240091389858
fall,love,272,1234,22,4.6490801856379615,2452.5701561739916,166.37428451865313
need,money,499,993,22,4.629393300705786,1647.2889794944401,148.58139665329827
prince,look,1984,2970,22,3.964747666534065,101.60250525232435,45.0946103877033
black,eye,139,1211,22,4.669685781193836,4933.871139269539,198.40015040461685
young,woman,776,1047,22,4.590358567080985,987.7709473055372,126.8334961822424
chapter,iii,172,53,22,4.689293110219455,91871.72531834806,325.8051651170804
hear,voice,1132,588,22,4.608444112302709,1215.2239681389515,135.248240230295
hear,nothing,1132,1567,22,4.471964107331987,429.3906905761952,93.37601901800677
whole,thing,889,1295,22,4.548636912760759,684.4826476989504,111.80291013153483
day,night,1711,587,22,4.566727630347924,790.8489436125867,117.3922489137045
raise,eye,265,1211,22,4.650894577543989,2567.1686654180935,168.38259556135137
honest,man,106,2546,22,4.657180109919729,3060.9288365920206,178.95145583029495
time,life,2625,1043,22,4.353242187589901,263.6231055674114,75.16016409265528
head,clerk,804,136,22,4.6769498758505295,7619.068940518316,214.26758048461235
something,seem,1444,1349,22,4.4505219432416885,387.2702892040205,89.36940166591127
chapter,ii,172,56,22,4.689229564015457,86947.66918501395,323.38305480620187
andrey,semyonovitch,142,25,21,4.582128218739643,215017.6769801711,349.10889111862014
everything,everything,811,811,21,4.499670200760518,1119.1484623791637,127.80610469594914
round,neck,493,81,21,4.577542154746995,19076.59282091754,245.13517476622246
sum,money,128,993,21,4.566554281721046,5964.665233915928,199.3294716841568
clock,morning,193,497,21,4.570484887594194,7917.3327915542895,209.84943016675166
flash,mind,142,851,21,4.5673436045564895,6275.921592147831,201.06785960287905
flush,crimson,129,58,21,4.58163259156159,101997.81266185871,318.1491283741486
high,road,285,111,21,4.578588114646151,24091.47318092773,255.58763358369296
poor,knight,422,34,21,4.5807671347445735,53168.34045959532,288.2529420324352
cover,blood,153,221,21,4.578313578533791,22536.96390197951,254.2283270547396
lay,hand,414,1662,21,4.4958449723850435,1067.9706986755277,126.4613906399242
different,matter,259,609,21,4.562693759446829,4798.368836476297,188.4067665881818
read,letter,561,544,21,4.544107362120937,2459.820688734083,159.90312343677252
varvara,ardalionovna,474,23,21,4.581201501798381,69987.52803647458,299.6667578159789
elbow,table,55,520,21,4.5789706752985895,26652.486660135597,267.51723673668243
dmitri,karamazov,427,168,21,4.573533398098061,10600.70127307538,220.70928662474932
governor,wife,91,408,21,4.577895723982611,20520.988640891374,252.54443399333593
arm,round,291,493,21,4.564492235687026,5279.746614873915,192.17788353745635
side,side,427,427,21,4.5595931904423175,4145.381320141572,181.65234671637793
play,part,288,524,21,4.563553291930843,5017.074170647564,190.07630481881165
stamp,foot,43,308,21,4.580906293545329,57603.873400686876,303.05804926719105
mihail,makarovitch,25,21,21,4.582509518895698,1454171.0403032566,453.44847169247436
father,house,1140,888,21,4.454973125045789,712.755214296081,109.9435190414003
sign,cross,211,272,21,4.575341454110774,13260.616194389082,231.17279043337834
father,father,1140,1140,21,4.418761584936179,546.2097902820585,99.77738502111492
sleep,night,222,587,21,4.566149662381893,5816.707853306505,196.6968556938269
set,fire,420,253,21,4.569181660383134,7142.908414750414,204.2632770262599
whole,story,889,386,21,4.539321257352203,2183.0355958703594,154.72962783446505
god,sake,803,224,21,4.5599028944037805,4202.576891730101,181.72814120565764
last,hour,1586,508,20,4.368071323947246,819.9574029743025,111.5968237125919
pay,visit,324,290,20,4.4599998517763995,7330.02447438872,197.74010818904216
kuzma,kuzmitch,29,20,20,4.472061040782152,1193895.1727488197,418.8202455388554
piece,evidence,159,203,20,4.4679669787997645,21414.379334503166,241.77902221824817
fifteen,year,142,871,20,4.456160885620596,5558.965380361041,188.46580731849923
good,sir,1595,251,20,4.420426416420568,1689.9453736568414,139.10774249294252
way,look,1198,2970,20,4.01256823007124,156.67883635730854,55.39451441894722
fifty,thousand,102,614,20,4.464046769466785,11017.10968938193,216.8683253447623
chapter,iv,172,45,20,4.471136237684259,89428.01480678906,298.6654251106683
year,age,871,157,20,4.45447337829183,5024.0467547335365,181.9840895793813
face,pale,1410,238,20,4.428791622095847,2023.7327892435153,146.12506756532545
time,seem,2625,1349,20,4.0147555960576655,157.59981781373065,55.418360294896004
dead,man,220,2546,20,4.399789486956077,1196.634333785838,127.43081276453132
begin,tell,1745,2482,20,3.912721786109825,122.3881789484568,48.32911359098332
hay,market,29,45,20,4.471967398010369,530597.8551599401,386.3832968294861
hand,look,1662,2970,20,3.834572049464604,103.13951388496157,43.79908159592515
receive,letter,349,544,20,4.447613690061946,3607.5182291815054,169.61706973727348
begin,prince,1745,1984,20,4.024965241430976,162.01898744791248,56.29338940523755
something,strange,1444,548,20,4.369928163239886,835.563745449648,112.32449145870933
produce,effect,60,117,20,4.4712292346438245,98604.22057919324,307.70990256831845
corner,room,304,1129,20,4.4278053376746875,1977.8268013332504,146.27400660415813
great,friend,1202,606,20,4.378052480957404,911.0948231578358,115.61985137987077
begin,listen,1745,702,20,4.313913252920366,526.0039632011494,95.29407257131498
poor,fellow,422,375,20,4.451695998261944,4335.967555605097,176.66257235955945
try,something,630,1444,20,4.354634296589713,721.729370301605,107.22653420522026
feel,sure,533,357,19,4.33368331047527,3246.5438075303678,158.69290639565492
strange,thing,548,1295,19,4.2648563110067155,843.0645541271081,109.23483181654933
idea,strike,798,344,19,4.322521197659319,2238.799901358844,144.634295627841
father,iosif,1140,19,19,4.356028606448706,28815.44584484265,240.71376793568973
great,man,1202,2546,19,3.953355562199453,167.98528290158515,56.02443236880959
von,sohn,74,19,19,4.358712623413651,444460.8386499885,349.65071950930826
old,fellow,1356,375,19,4.291513605993795,1191.3308271549129,121.28955772882348
much,money,1227,993,19,4.197437711474145,475.6385631524548,88.91890037803553
question,ask,897,1621,19,4.1662130555354615,392.65383427264976,82.56902084792239
seize,hand,202,1662,19,4.314409513722408,1823.7390214960521,138.41697170233806
catch,hold,309,550,19,4.3363775313163035,3639.446600451685,163.466602399368
understand,word,1051,1439,19,4.158480372710416,376.104172622664,81.08544300191932
mean,nothing,1062,1567,19,4.13836879797531,338.50666045125064,77.620700776127
man,stand,2546,1039,19,4.008350213745724,199.7835478379979,60.95431416885519
speak,truth,1198,328,19,4.306826841127654,1552.6962703666152,130.9888643071955
little,bag,1465,67,19,4.345891651884992,6329.183853498585,183.3090726069691
great,idea,1202,798,19,4.2317883314785,614.1053260793686,97.71963760744681
exchange,glance,58,252,19,4.356962062334016,42720.996264234855,262.37264548925776
cry,stepanovitch,1704,509,19,4.2439614231344605,683.0583928659665,101.35589285960772
read,book,561,232,19,4.341651477557583,4763.886646554159,173.02392357282358
day,hour,1711,508,19,4.243716000036847,681.5241534902192,101.27612726589068
stand,middle,1039,123,19,4.341963557144452,4852.371447907705,173.41617125103085
lame,man,46,2546,19,4.343378980527614,5298.361290443566,185.5462391719875
way,home,1198,469,19,4.284442187346447,1074.6356970530776,117.59257037752538
fall,asleep,272,134,19,4.354068932168188,17108.78811893972,221.99318898831544
read,aloud,561,149,19,4.347821907198084,7438.694325625328,189.79800764365172
little,finger,1465,192,19,4.321624316706483,2184.024556820721,143.5113975993139
great,importance,1202,70,19,4.347748889851009,7389.7330088980625,189.20175451251842
minute,pass,677,521,19,4.312157637535713,1734.0643711064895,135.27756629937463
young,officer,776,165,19,4.341931355301731,4843.090564188641,173.4628083795937
little,face,1465,1410,19,4.085163402727087,265.744617796488,69.78073763828253
want,something,1315,1444,18,3.9841124737381923,260.49025941975225,67.13778744244487
time,pass,2625,521,18,4.05643967818481,374.9248849910206,78.23319919582761
cry,lebedeff,1704,375,18,4.155641367342937,842.1636984031309,104.8547795960562
raise,voice,265,588,18,4.221425923414198,3563.8252395807726,156.1558961104544
cry,ivanovna,1704,635,18,4.095321838964668,483.0076537438627,86.4001858752278
dear,sir,480,251,18,4.226237435090092,4619.7032584431045,164.81419153140013
grow,pale,343,238,18,4.231526285756809,6835.090396197944,179.06012460894783
answer,alyosha,818,1239,18,4.104653230793825,518.0236523347106,88.8725547915112
fresh,air,75,292,18,4.23965902029127,25576.37538986703,230.10994174496068
look,alyosha,2970,1239,18,3.7416348860353987,118.55402695341421,45.24388041922966
win,tell,639,2482,18,4.026708375434387,318.58034220771117,73.50092508758598
ivan,cry,797,1704,18,4.057738132821284,377.79949621794157,78.73593044282647
cry,razumihin,1704,344,18,4.162833311111115,921.236767947869,107.90062329511778
begin,cry,1745,1704,18,3.837803852426673,154.35538343338015,52.1681632994284
little,boy,1465,461,18,4.150690302767557,794.9198911540987,102.9337258866597
man,face,2546,1410,18,3.753884226880905,122.32225838124884,46.045918589514486
counsel,defense,41,49,18,4.242367163436295,279162.977765739,320.78481701980655
little,room,1465,1129,18,4.017452001798025,304.08225737689395,71.80608974960492
fail,understand,105,1051,18,4.227615945438661,5046.848792833731,170.54132100279602
father,mother,1140,762,18,4.124370625924733,610.2064603409527,94.15258266944909
spend,time,216,2625,18,4.165444107599426,953.5880887777488,110.38149518177424
use,word,663,1439,18,4.11274661821809,552.4727211858893,91.06986948157667
stretch,hand,72,1662,18,4.226348532812999,4651.449988182732,169.27533849941906
little,house,1465,888,18,4.065521508584937,395.9161241891164,80.0471527288598
want,ask,1315,1621,18,3.9524230736215347,228.3701504348962,63.240691945868775
try,persuade,630,125,18,4.23191893996375,7086.721602806433,179.9116490023648
clap,hand,23,1662,18,4.237436248938111,14637.562184155595,226.07250021965032
present,moment,405,1301,18,4.170903008579759,1028.8430197610273,112.27130319313449
whole,hour,889,508,18,4.181154088053813,1206.2799970137423,117.30657048037003
fly,rage,248,104,18,4.239129127720738,21711.484811436145,220.85460767096242
open,mouth,682,93,17,4.114219875132996,7854.261245092649,175.25581126354936
draw,breath,258,111,17,4.119093546621983,17436.459101063385,202.9682887714814
think,prince,2317,1984,17,3.4790928358473963,77.4929160294747,34.52563466785843
old,gentleman,1356,637,17,4.002094329498721,545.7241707725493,87.16783262023476
cry,aloud,1704,149,17,4.08753572518165,1936.7115117823616,128.05788448665078
great,interest,1202,272,17,4.077301967709891,1496.4770188769978,119.61390000451823
poor,girl,422,465,17,4.095614520745751,2515.766989864554,137.26879587488764
half,minute,387,677,17,4.086400524535586,1875.7713528256068,127.57656120397922
new,man,511,2546,17,3.9408394462109237,351.3143210210401,74.06839809932468
set,mind,420,851,17,4.073032391640602,1366.0121032513928,117.06363179119933
young,generation,776,55,17,4.117126313810429,11688.576996351958,188.64931976144905
answer,raskolnikov,818,782,17,4.033489358991539,748.513166940812,97.25962744931041
prince,laugh,1984,1027,17,3.8376498055511687,212.7238782692936,59.269874011664896
think,fit,2317,217,17,4.052666726736537,961.3769026591251,105.06861902525782
last,look,1586,2970,17,3.4631930219854854,74.93615976896814,33.86760104708795
man,love,2546,1234,17,3.6829559868937594,127.06243349781583,45.78678679579968
thousand,time,614,2625,17,3.8973053490172394,277.35043937101824,67.04708279647893
room,look,1129,2970,17,3.6533443838139243,117.14628075927313,43.92864199288315
stop,look,411,2970,17,3.9520942258113405,376.5771634057513,76.27557015036908
whole,month,889,356,17,4.078767375430219,1547.0479861475385,120.79132753784617
reply,prince,313,1984,17,4.0361069190151175,772.0350002034144,98.80727795168549
divinity,student,18,114,17,4.12281814792721,243785.94952838073,319.6324352093714
think,time,2317,2625,17,3.2710221714105314,51.77371206968508,26.712270514791065
story,tell,386,2482,17,3.988886046528107,488.7782222837826,84.26484625217012
waste,time,71,2625,17,4.096995170180152,2650.5800049249233,142.71362152537458
think,anything,2317,796,17,3.864721461979994,238.33891958765787,62.41767207579979
time,past,2625,187,17,4.054335834535774,985.5217096146469,105.85609285951122
nothing,sort,1567,699,17,3.969653480825,423.405693550269,79.33011154501344
cry,raskolnikov,1704,782,17,3.936423329369603,342.2353925976538,72.92300247515686
cry,aglaya,1704,480,17,4.008518026897625,578.1686299927834,88.92854453292605
face,face,1410,1410,17,3.8445800913168706,218.8050141096318,60.10078170136223
old,age,1356,157,17,4.093280235522411,2316.2278808863944,134.04296192159197
knock,door,137,750,17,4.108710726644064,4835.339487941979,160.66118589347957
love,man,1234,2546,17,3.6829559868937594,127.06243349781583,45.88388475057087
throw,stone,329,160,17,4.115730954260288,9470.561827521604,182.04618695111873
word,honour,1439,216,17,4.0795603207167455,1575.8317373462685,121.27553541651862
want,money,1315,993,17,3.9401685248368645,349.90670409594605,73.62765360252774
drink,tea,329,202,17,4.113795103028977,7494.380107850355,174.13613512004906
set,work,420,382,17,4.100628568767795,3084.5078709913378,144.0789126970226
slap,face,46,1410,17,4.114018976980898,7679.860067740636,181.2861122553946
felt,sure,657,357,17,4.090246169078896,2099.2442747764358,130.99986484038118
anonymous,letter,24,544,17,4.121276527797716,38286.97368739684,245.25271780830036
low,voice,182,588,17,4.108113075656022,4641.2368738023515,158.7233928511429
tell,thing,2482,1295,17,3.6728093693457144,123.51590923740457,45.09740209585232
raskolnikov,ask,782,1621,17,3.945516422438024,361.4228555257946,74.73176943366943
mitya,look,911,2970,16,3.609279600463492,133.36287790220382,45.79000947255248
sit,opposite,1134,88,16,3.9855892366361947,4409.182542845022,148.37485744456623
nikolay,stavrogin,518,286,16,3.9786062432778073,2959.6125345538476,136.05567029264296
cut,throat,174,48,16,3.998793904364934,53031.79026499557,228.9404773861006
twenty,minute,188,677,16,3.9816203271014543,3450.1811902086124,141.7863529214664
speak,word,1198,1439,16,3.751051867888628,226.07745631601824,59.0382128180883
easy,chair,99,362,16,3.994824706014189,12334.46793595467,183.57727226295899
alyosha,smile,1239,734,16,3.8686716081159607,455.85329407392146,78.5679497035264
old,servant,1356,214,16,3.9580951082655673,1495.4356150456686,114.39754780744978
put,end,1071,622,16,3.903800876383284,633.6715225460879,88.28260080630663
begin,think,1745,2317,16,3.416134619450256,79.94977011460122,34.35848453345209
cry,alexandrovna,1704,242,16,3.9404507609146457,1042.979049786823,103.25453680587665
look,eye,2970,1211,16,3.4806120704295154,93.2995142558514,37.54527021809284
right,right,927,927,16,3.875906015806322,484.2345111562308,80.3899742271772
good,tell,1595,2482,16,3.4283190446428673,82.23727841007809,34.94685380061327
thou,art,169,38,16,3.99907261180934,68979.01834673744,237.39355975106974
table,lay,520,414,16,3.9689118452685586,2026.7862626895317,124.16964639277414
clever,man,145,2546,16,3.9466888977972583,1168.7136534344634,108.38696313260738
look,thing,2970,1295,16,3.4445851620200023,85.45084594110659,35.68608506090144
gasp,breath,53,111,16,3.9991504477225703,75301.80180038487,244.03812286009835
good,look,1595,2970,16,3.315917631986026,64.29231482189704,30.094536220840514
chest,drawer,71,35,16,3.9996411461143273,178313.5692422566,270.118555555268
think,raskolnikov,2317,782,16,3.738348007111805,213.64631192774448,57.45507112511199
good,evil,1595,75,16,3.98272519272692,3672.886119082802,142.53146972419347
great,hurry,1202,192,16,3.966672943601166,1888.4949277486126,121.68277396766719
sensible,man,67,2546,16,3.975366594154595,2566.196433753524,135.19596121277198
show,sign,660,211,16,3.979889741602097,3150.5358194624296,137.9182699687993
little,town,1465,549,16,3.8838548098839767,519.4990225317267,82.34921807802274
attract,attention,60,145,16,3.9987436503801397,50909.23904838699,230.8205932353265
chapter,vi,172,33,16,3.9991803401790427,78049.17593543984,241.3160414084589
good,deed,1595,51,16,3.9882531310543055,5416.307310790061,154.82888763169643
turn,eye,1279,1211,16,3.776330921912239,255.03168079755926,62.252807131969575
begin,play,1745,288,16,3.927426314372755,850.1526315779116,97.02478091228333
vera,lebedeff,51,375,16,3.9972381969563413,23141.27828904224,206.56304319953657
smile,face,734,1410,16,3.8505463821174373,396.824316490971,74.70741218941542
understand,understand,1051,1051,15,3.7082387971395394,323.27339361975925,66.19491144335586
letter,write,544,602,15,3.8241404944581054,1159.6109173559796,101.98059505343738
pan,vrublevsky,29,24,15,3.8728795420227824,559627.1124709974,295.4205913870113
second,place,304,704,15,3.84106415600814,1790.1807677522336,114.94489682530863
good,fellow,1595,375,15,3.7837766250373073,621.5828629166216,83.95079801121854
bear,witness,205,184,15,3.867357636660856,10296.674757526467,167.198744458542
light,candle,346,111,15,3.867255323915656,10112.222621966594,166.19464407243476
mind,rest,851,310,15,3.8336376824884844,1446.6746928217954,108.24722538958261
alyosha,ivan,1239,797,15,3.7257062375073566,365.0291924722517,69.39352149136316
dear,alexey,480,226,15,3.8568042112230345,3560.783070812386,134.93686312912817
want,anything,1315,796,15,3.716868414850927,342.7327139119309,67.70313622587553
lie,table,568,520,15,3.828932191072949,1288.972579866923,105.02478232872329
mitya,cry,911,1704,15,3.6414606404718386,221.82131755646506,56.526128306580105
doctor,herzenstube,263,32,15,3.8717281507794246,46253.435232073425,211.91609938435553
honour,sir,216,251,15,3.8648973581698685,7154.65117081467,156.27437223285426
certain,circumstance,460,195,15,3.85960513448084,4312.541780146403,140.63937876407903
sit,sofa,1134,258,15,3.82934800438726,1301.5382003795166,105.11023421365921
head,hand,804,1662,15,3.673690050073471,262.27564484243464,60.80733737559105
put,shame,1071,133,15,3.8517388354719784,2704.659268326489,126.54378757429792
nod,head,61,804,15,3.8656687306453406,7912.311789134685,162.23452621743306
stand,wait,1039,639,15,3.7739635501347224,557.0818441431641,80.96749214881544
begin,life,1745,1043,15,3.601536149108415,185.06991451157353,51.9548682591434
marya,ignatyevna,125,45,15,3.872144411525566,69218.24324918006,225.00446112289796
prince,tell,1984,2482,15,3.1385556152526557,51.94649148171345,25.644250883744288
lady,gentleman,681,637,15,3.808285150974932,868.1852080522573,93.584463261451
oh,course,1118,1125,15,3.6853975513456314,280.4234755145832,62.46248458620118
use,talk,663,1065,15,3.7676735534640797,522.063589285966,79.28569031449467
raskolnikov,answer,782,818,15,3.7775795450434275,579.3048802456726,82.12443089276728
look,raskolnikov,2970,782,15,3.5265905718100474,139.05508968302172,45.172296069418714
great,pleasure,1202,121,15,3.851291552785602,2648.274287115905,125.89929568677127
idea,occur,798,93,15,3.8619147775889533,5218.666443448626,146.09799406336174
much,afraid,1227,541,15,3.7739805525442747,557.1825359094129,80.94071101727245
little,man,1465,2546,15,3.3166928430096236,76.58689998418296,32.63682984856285
face,seem,1410,1349,15,3.5892981428294375,175.88468034085378,50.752486055820384
ardalion,alexandrovitch,16,55,15,3.8728520995371896,442607.89823558886,303.2285999079203
cry,katerina,1704,427,15,3.7644650198088527,505.7653518472367,78.21155347742368
pyotr,look,834,2970,15,3.503556781185159,128.68734132362974,43.57878037195985
cry,gania,1704,378,15,3.7769179425103276,575.1137040189719,81.7726149658892
talk,talk,1065,1065,15,3.70382055695907,314.0802787302266,65.43210438206778
mutter,something,297,1444,15,3.809020281472148,878.5023656751409,94.34552806638509
bow,head,218,804,15,3.8468425889527835,2192.483311730239,121.19376982361656
understand,nothing,1051,1567,15,3.6273556503088784,207.466783004177,54.83032903680582
dark,eye,208,1211,15,3.835415776582177,1516.5524333996937,110.44799674547224
good,sense,1595,168,15,3.8330187351232077,1423.8096188159343,107.66175949302571
thousand,florin,614,20,15,3.871151858581972,31689.986735014878,200.0828657499188
poor,man,422,2546,15,3.7127413036480523,333.164359619847,67.29044668748233
remain,stand,302,1039,15,3.826185257922669,1211.5727734350276,103.58041971443225
alyona,ivanovna,18,635,15,3.8712786309338965,34048.8648700504,221.10311269867523
head,tail,804,43,15,3.8678271417948054,11236.98022674908,168.96819214935923
twenty,pace,188,145,14,3.737449024825951,12419.424990562582,163.2244824120418
spite,fact,337,885,14,3.695614726862775,1109.8824671442515,96.05618668372048
nikolay,look,518,2970,14,3.5041520117737464,193.44452869663297,51.31123397037773
forget,everything,458,811,14,3.6843152904702854,885.7354543322883,89.83943539825232
borrow,money,45,993,14,3.7347589768823073,7565.544352383721,153.2175092661145
tear,eye,449,1211,14,3.6577156950190495,596.3568221455455,79.37044630876481
man,tell,2546,2482,14,2.7661121561207325,29.346490917977945,16.982550999057256
local,society,36,245,14,3.7402957670974457,38443.249539158765,200.05831436272
love,love,1234,1234,14,3.50657637406396,195.7100237470256,51.385189302037666
whole,time,889,2625,14,3.3813955140344287,118.75110510623269,40.40982685213096
use,expression,663,318,14,3.709109118874359,1581.522431421489,105.38385074209062
crowd,round,230,493,14,3.7241523918626194,2964.537285329109,123.20738498174163
relapse,silence,24,305,14,3.740527335069639,46326.7004031297,209.43472468918353
live,year,606,871,14,3.660172322446723,615.161391146147,80.07399079796397
begin,something,1745,1444,14,3.3526571567920165,108.11661726832203,38.38519607782268
brain,fever,127,101,14,3.7396771718543937,26425.299371552876,184.85075057515297
enter,head,276,804,14,3.7074001472395737,1501.241561216899,104.38068570446583
talk,something,1065,1444,14,3.5042446389626236,193.5302325504796,51.14840587664594
chief,point,140,586,14,3.728992162481457,4108.034419646753,132.81033519236686
lay,table,414,520,14,3.708422751404779,1548.2873775167332,104.98254821180127
good,family,1595,388,14,3.6461186165929678,520.650101726388,75.52904648599768
moment,think,1301,2317,14,3.2762957654175433,86.3057348956643,33.96361357510888
cry,voice,1704,588,14,3.586977391524019,311.2340803605846,62.46945796507316
love,woman,1234,1047,14,3.54220048214886,235.3754799410607,55.722749443063506
common,sense,90,168,14,3.7393231816142345,22413.56799305524,180.9442993328542
decent,man,37,2546,14,3.7271146093629146,3574.062609245617,133.60351489105926
flash,eye,142,1211,14,3.7151101256844212,1945.3048994277026,112.16116477732294
front,door,97,750,14,3.7304263401225732,4636.184648158219,136.83830461439206
pray,god,148,803,14,3.7233104107157255,2827.209639650444,122.39145148488628
cry,look,1704,2970,14,2.9603655740319854,41.9702382818661,21.776322393163465
sublime,beautiful,20,100,14,3.741348629477684,169630.18915526403,248.822563224675
wisp,tow,18,16,14,3.74161292572328,1178153.8612774692,305.4993738845555
adelaïda,ivanovna,14,635,14,3.7402849605920765,38140.32639499108,221.49970736711072
little,eye,1465,1211,14,3.46777191144896,164.2843014831734,47.37298097246812
begin,laugh,1745,1027,14,3.464993095782641,162.37368860849818,47.09240282968488
ivan,alyosha,797,1239,14,3.589211096183794,316.18783722866783,62.9817454277716
woman,question,1047,897,14,3.596671289975969,333.840602889819,64.2768782805364
lot,money,159,993,14,3.7172830051568333,2121.200221593722,114.38199138148144
think,man,2317,2546,14,2.83096508241315,32.92769851032177,18.42977590022744
prince,ask,1984,1621,14,3.24516577415832,79.36442525660566,32.342023118312106
prince,rise,1984,287,14,3.6537529495002317,568.2397068708476,77.78119485108938
beg,forgiveness,317,63,14,3.7385742907921617,16962.466495580407,171.4874489629669
sit,wait,1134,639,14,3.6297906044949793,440.6827144703031,71.27981346474083
little,time,1465,2625,14,3.14797499806372,62.45574608373864,28.084117315355922
human,nature,100,225,14,3.738183867191044,15052.740818942428,169.58005487314063
till,morning,389,497,14,3.7118108995952612,1727.1994047908238,107.99942522087139
sit,chair,1134,362,14,3.6782837166878943,798.8138908576465,86.83258749863295
good,reason,1595,479,14,3.6237113277103163,416.569789342118,69.79582988728637
time,look,2625,2970,14,2.538082851299978,20.02638756914652,12.799701579446225
unknown,reason,67,479,14,3.736702912819545,10544.927770486993,160.73866042175806
full,speed,302,18,14,3.7408181844427135,62392.234192251904,207.93771032792955
drunken,man,90,2546,14,3.706283063341714,1452.9579499401104,105.04043731584848
pavlicheff,son,65,307,14,3.7385767608505316,16976.089502091494,174.1370346570609
chapter,vii,172,29,14,3.740887346077075,67998.54177457248,210.85775320247373
laugh,laugh,1027,1027,14,3.5788297496117263,294.31878009766103,61.1625258141232
pay,debt,324,67,14,3.738306135080362,15602.949336729665,169.14044072404326
moment,stand,1301,1039,13,3.388994179270557,191.2233413691868,48.79857906254719
whole,year,889,871,13,3.4815004977861963,352.2938876275804,62.68073178061795
understand,mean,1051,1062,13,3.4267350974877275,236.76959628550003,53.5360314247847
mitya,begin,911,1745,13,3.3508721302789954,158.96225080328816,44.903484375890855
little,table,1465,520,13,3.483506120385859,358.495978631109,63.01991297959461
little,look,1465,2970,13,2.9084856781908215,43.75542294343387,21.82909762210352
eye,face,1211,1410,13,3.3319974257036082,146.3316128986732,43.13931821197852
cry,nastasia,1704,417,13,3.491713809260843,386.15684406986276,64.75607547242984
think,moment,2317,1301,13,3.1226226981009644,72.79939917635274,29.8066771840324
cry,epanchin,1704,204,13,3.549861004227918,815.85887085683,82.92901629478082
wait,moment,639,1301,13,3.4723655348791933,326.41102564959783,60.96813520950487
piece,paper,159,240,13,3.599437803269475,7641.050711200573,141.00670144654595
listen,silence,702,305,13,3.5712495057688223,1340.5886433954252,95.51589332125937
prince,hand,1984,1662,13,3.0772857586408495,64.63311206679067,27.808006141182926
seem,feel,1349,533,13,3.490360226279411,381.3233892133726,64.4830443405367
prince,begin,1984,1745,13,3.050904267728503,60.50791144735793,26.730131059666807
try,look,630,2970,13,3.305789278001808,131.44541309911347,41.057215786467445
love,humanity,1234,101,13,3.5855841241670507,2321.535878846792,109.37958715328512
large,room,201,1129,13,3.5691958212808377,1263.4057620811805,94.6238483683258
felt,sorry,657,174,13,3.5872368123001386,2533.3639045875043,111.73441488815183
lady,house,681,888,13,3.508670043460724,458.15990608774666,68.97056646017036
marshal,wife,22,408,13,3.604113263765406,32569.12706539533,187.41670350245226
cover,face,153,1410,13,3.570989971571885,1330.3282652673704,96.20027981631593
year,life,871,1043,13,3.4600113866924054,296.5819344568499,58.68342656954276
present,case,405,516,13,3.5720713640591226,1374.1293937937521,96.31692749531729
petersburg,moscow,323,205,13,3.5949432156799275,4392.581085629076,126.14781851643194
note,hand,456,1662,13,3.484135410710284,360.4842459924925,63.391395754034654
speak,aloud,1198,149,13,3.5769541315000137,1613.1537297504478,100.10557023133659
father,son,1140,307,13,3.5494822765479435,810.1751123907123,82.8033758931329
count,money,105,993,13,3.588847366177797,2780.11992085025,115.52523092159764
dear,friend,480,606,13,3.5589504685473097,979.9910895306091,87.74621950559411
lend,money,35,993,13,3.5999833057019255,8392.199157746929,147.89898448017072
end,room,622,1129,13,3.493048327693241,391.03619914364975,65.21670459950752
hear,anything,1132,796,13,3.461193869351413,299.21575544454447,58.845507523082325
holy,father,119,1140,13,3.5838176895649356,2130.74807997204,108.5102055665355
thirty,year,84,871,13,3.5938299421401037,3972.9189498569444,125.14532255948112
love,life,1234,1043,13,3.399355841773823,202.06257813430133,50.00565584902031
plunge,thought,43,549,13,3.601769285471958,12367.533100724435,156.77833665004755
lip,twitch,260,35,13,3.604093398184899,32124.973827879854,177.8155608890589
wife,child,408,758,13,3.5560052360309586,920.2112019631771,86.23517824122715
whole,party,889,145,13,3.584899883083645,2243.759995513879,108.561410018378
alyosha,answer,1239,818,13,3.4431818756713994,263.2615403704521,55.90498630046855
dear,fyodorovitch,480,327,13,3.580405295494098,1838.0930478928342,103.63557131339726
seem,forget,1349,458,13,3.50656909811589,447.8983635577958,68.31021198603416
roar,laughter,56,148,13,3.6042234856959565,35274.89933374614,182.86488684717793
screw,eye,26,1211,13,3.600507020078337,9266.2056357112,152.86784463327942
want,hear,1315,1132,13,3.36707138973781,171.4054277772102,46.4467713661323
lock,door,121,750,13,3.5910125542466877,3198.0062933830654,118.8919592789759
cry,jump,1704,205,13,3.5495880127022508,811.7542059870012,82.8038304593787
seem,understand,1349,1051,13,3.378410951462128,181.17671778314508,47.629533810790534
idea,seem,798,1349,13,3.4330888791238507,246.40377318457325,54.47811914529651
stand,ceremony,1039,51,13,3.597062104129735,5495.4372019638895,131.56119304308862
look,watch,2970,300,13,3.462807467148665,302.88034239847485,59.04054967452347
idea,head,798,804,13,3.5027641986237588,430.38285796944257,67.43907004864167
rapid,step,61,419,13,3.6014565627852786,11421.012455311997,153.3085121453865
everything,seem,811,1349,13,3.4302793413388613,242.0573490292885,54.07480927419886
want,show,1315,660,13,3.4665082325494327,311.60676984411475,59.763480171952466
course,course,1125,1125,13,3.4027901841069945,205.9004987955073,50.42974989792867
put,word,1071,1439,13,3.358646300921318,164.7291196733301,45.62990252236917
stand,door,1039,750,13,3.4807105205484823,349.9057681229679,62.49547316916978
good,time,1595,2625,13,2.934787546574849,46.29727618288266,22.63454670885223
strange,smile,548,734,13,3.5411111772526658,701.6081202361759,79.40145972943563
little,thing,1465,1295,13,3.301611898875184,129.31138101820343,40.597247203105916
finish,sentence,185,88,13,3.6029431169910673,17945.373900163602,162.97440705227382
good,manner,1595,155,12,3.4228773413365996,984.5103407191243,82.72233587224254
play,fool,288,325,12,3.4484940025266186,2639.447912509901,106.26952544957892
alyosha,tell,1239,2482,12,2.9513185052388176,58.84222319066424,25.485916722695517
goodness,sake,99,224,12,3.4604038115345013,11217.610212164838,141.7589439138545
great,respect,1202,257,12,3.412590824089074,783.1786522661646,77.47555642463837
hand,draw,1662,258,12,3.3926007405949696,557.6282588749556,69.71065857282355
spend,day,216,1711,12,3.4024755570354768,650.7531243589283,73.78177576390243
voice,quiver,588,69,12,3.4573363153636203,6120.499034621102,126.01414560800637
turn,walk,1279,563,12,3.344030216994709,322.620114911038,57.628079128108865
brother,fyodorovitch,548,327,12,3.4342210408913325,1367.2822410136262,90.53921822934483
mother,god,762,803,12,3.362070849644404,383.77192485246417,61.484316556181966
cry,liza,1704,202,12,3.4067056202482897,700.4517888831004,74.88519779430457
air,dignity,292,121,12,3.458210074873047,7031.767720113438,129.5797774658999
offer,hand,181,1662,12,3.413940148888746,804.8819838948793,78.77748861808747
ask,mitya,1621,911,12,3.2178596773294683,145.66754677705902,41.23634216537204
brass,pestle,17,39,12,3.4639910612150926,375984.54336939537,236.2215227956278
certain,person,460,382,12,3.4348006569323184,1394.7997942350921,91.05565198889703
eye,meet,1211,508,12,3.361520247755067,381.5870278007622,61.29232505767206
fond,child,155,758,12,3.444510392854823,2097.8966514133,101.28227946152583
table,sit,520,1134,12,3.3657736556875975,399.10154600407253,62.430415992180805
state,excitement,248,159,12,3.45752640808132,6298.13841930346,127.03925673611653
great,agitation,1202,78,12,3.4484679898389334,2635.016398883133,105.8462640211832
hear,story,1132,386,12,3.3912407439234262,546.7811145747464,69.3069243262129
hold,forth,550,65,12,3.4581403742098904,6949.269993001669,129.06246214586574
elder,brother,250,548,12,3.44125713941419,1795.7409166071486,97.25212445376131
pyotr,verhovensky,834,91,12,3.451446442578892,3260.805005694365,110.95133610923715
nervous,laugh,102,1027,12,3.4466340953571253,2355.8614142408605,104.5342180469586
time,year,2625,871,12,3.082853161251149,86.3551436112182,31.647070472035864
white,tie,173,79,12,3.4618226702493313,18216.562807791466,152.70291110516482
cry,fyodor,1704,306,12,3.377155207037872,454.4028205768772,65.12089941461629
cry,pavlovitch,1704,461,12,3.333113725810807,293.8053792018211,55.58843550265324
great,excitement,1202,159,12,3.4322330712593883,1280.5069676258042,88.8649385299539
whisper,something,324,1444,12,3.386087563793784,509.1129694384448,68.01040286434818
anything,sort,796,699,12,3.371322362068454,424.36573864148795,63.69470484188407
ask,ivan,1621,797,12,3.248673706868595,169.70742558384268,44.232849366681755
express,opinion,205,251,12,3.4555215969015793,4820.916788423701,120.79107104091416
alyosha,ask,1239,1621,12,3.1292017677782957,101.28445773235941,34.4885081541041
saw,nothing,589,1567,12,3.310199382676088,246.63460399525917,52.02456036788993
day,pass,1711,521,12,3.3154572805484634,256.17051104346393,52.67478013280345
moment,silence,1301,305,12,3.3979351757984184,604.4815327189114,71.5580977323173
understand,anything,1051,796,12,3.324600907017819,274.46896772524207,54.18454495650509
master,house,130,888,12,3.4448522262506867,2135.575205747658,101.89002826277459
voice,break,588,397,12,3.4251766294807764,1044.0663673765414,84.23652208236234
live,life,606,1043,12,3.358707209029107,370.78090054538706,60.775135235494176
green,bench,70,75,12,3.463226188148348,47460.51046113948,176.98901771623034
wear,dress,214,285,12,3.453931654740819,4063.4866808337874,116.69084061619667
face,change,1410,330,12,3.386513771676626,512.0385207231717,67.80658721751485
fyodorovitch,karamazov,327,168,12,3.4549411471206035,4513.924262280913,118.95446632340693
round,table,493,520,12,3.421354098375032,948.5839687757195,82.06102639652309
alyosha,sit,1239,1134,12,3.2298163425247837,154.24151740182054,42.372640467174676
pang,heart,27,897,12,3.4600631453746233,10269.323540022657,144.48617428243972
tell,anything,2482,796,12,3.1346622644682194,103.32291766187495,34.79761345272678
seem,afraid,1349,541,12,3.3424074254783465,318.00910517721286,57.311552723649925
last,begin,1586,1745,12,3.002614858362093,67.67537003800761,27.643833293469086
cry,dounia,1704,321,12,3.3728931282094465,432.07638721625733,64.00168081769668
prince,felt,1984,657,12,3.2467476007439027,168.00415159337896,44.01812443589617
rub,hand,32,1662,12,3.455233289613068,4663.411587206766,124.46361677100622
fifty,franc,102,50,12,3.4632512003480453,48857.11353415854,176.96958497962638
intimate,friend,45,606,12,3.45955439723278,9117.697600209709,138.80951392340458
good,nothing,1595,1567,12,3.047337505160915,77.18651349777113,29.782027411706164
whole,family,889,388,12,3.40658489469775,698.9320258777495,74.9110560010697
honourable,man,63,2546,12,3.4373555697574023,1530.3119305611397,95.32831673454723
raskolnikov,walk,782,563,12,3.3906881410581136,542.4885065163776,69.18441913158665
tell,secret,2482,292,12,3.3432520040881264,320.3934236718807,57.42728551806249
till,day,389,1711,12,3.3531176493887447,350.93603663271415,59.69936310747503
third,day,156,1711,12,3.4195939065083314,910.1321498228406,81.74158836071716
way,tell,1198,2482,12,2.9682871150094847,61.55781741588172,26.179900752739538
table,fist,520,82,12,3.456991480503793,5822.498926664142,124.8557011818818
rise,chair,287,362,12,3.44677749863539,2375.560118377101,103.77852094284962
blow,brain,136,127,12,3.4612215437166056,14409.40877259883,147.32705463723383
bundle,note,55,456,12,3.4599195753483603,9915.953242991649,140.12103914373753
break,silence,397,305,12,3.4439109338020772,2034.9018705562994,99.98179832328618
cry,shatov,1704,433,12,3.341069606290535,314.29940228945117,57.03753713890263
important,matter,191,609,12,3.4447056547604604,2119.256728689939,101.33964079135562
dark,hair,208,166,12,3.4583441402634243,7196.063503328799,130.3366394116423
prince,blush,1984,115,12,3.426056391918131,1068.7583002330882,84.60912050571754
turn,crimson,1279,58,12,3.4517319151514374,3336.6109661523183,111.43684699305541
great,impression,1202,178,12,3.4284248804814705,1141.2868176571,86.18195723826618
stand,doorway,1039,69,12,3.452147284414411,3453.3769761500653,112.27975828162805
prince,evgenie,1984,227,12,3.3890036527824967,529.7933997792821,68.54387260466567
cry,sonia,1704,399,12,3.350730318301633,343.05713719009754,58.93369260331556
saith,unto,13,30,12,3.4640365834185416,639190.5233021996,256.0642658016178
cry,lizabetha,1704,185,12,3.411535976253839,766.9880310472574,76.9618490012386
eye,seem,1211,1349,12,3.1916955824620734,129.54385801492373,39.01857326252601
kiss,foot,308,308,12,3.4482832330571696,2603.960682804385,105.91591993422499
cry,prokofievna,1704,177,12,3.4138090849623324,802.7227980482828,78.00715593248583
want,speak,1315,1198,12,3.2014118215564995,135.1545006645014,39.81545902161823
want,marry,1315,368,12,3.3834089239541973,491.4342309385954,66.89330734211111
hand,heart,1662,897,12,3.2155113652738843,144.08097212645308,41.022807009635265
vsyevolodovitch,look,312,2970,12,3.3095862502875075,245.56493835462274,52.135757837293106
guess,right,153,927,12,3.440451579835938,1733.7629972594423,96.80209270062973
prince,lef,1984,43,12,3.4498760099338956,2898.189939107004,108.05465231793187
distant,relation,40,169,12,3.462974398671395,36853.76485153794,172.76264565601275
time,meet,2625,508,12,3.2417431598284603,163.71715192422147,43.490696697167074
certain,point,460,586,12,3.4191530248016666,900.9726822968165,80.89168306108031
unhappy,man,142,2546,12,3.4038168779312454,665.7568226749248,74.65368438480283
twenty,copeck,188,56,12,3.462346092214998,23655.115503802193,158.8927857153398
tell,please,2482,294,12,3.3424242670261424,318.05632649064984,57.269170326675294
laugh,aloud,1027,149,12,3.4385853362425207,1605.2138427124119,94.17689463029544
word,speak,1439,1198,12,3.1766410729602446,121.60422840895517,37.8149614080483
little,hand,1465,1662,12,3.058098587210698,79.7929120080228,30.34208558521161
important,thing,191,1295,12,3.4228573315768416,984.0211981880411,83.3748333811632
white,sheet,173,40,12,3.4629477189917175,36001.099950970725,169.02929851354918
eye,turn,1211,1279,12,3.2058308102510265,137.84674133528068,40.20037961419878
large,sum,201,128,12,3.4598115226456683,9665.600682211854,137.41267309639454
love,god,1234,803,11,3.1440467179799603,189.9716129645275,44.261930084922845
cry,madame,1704,247,11,3.2433218403906667,475.9430433017032,62.42054042753713
dare,speak,326,1198,11,3.248605933788269,514.5896916770282,64.32371991100207
previous,night,81,587,11,3.308343881035169,4383.687674566713,111.45443297895521
think,look,2317,2970,11,2.118126574315001,12.415458672166205,8.364619278008824
couple,word,110,1439,11,3.2890565918087136,1301.459466727223,84.6841471436055
use,sit,663,1134,11,3.185682030031074,257.0512394389541,50.14070457146623
old,grigory,1356,188,11,3.272225866108071,799.8534853517102,73.27834008073849
yefim,petrovitch,11,331,11,3.315990664315167,57510.527782916455,188.36863007721655
man,world,2546,429,11,3.126398473017342,170.41758323772152,42.19086174429425
wait,time,639,2625,11,3.0244887928997963,103.85208665235679,33.5449889169932
seem,look,1349,2970,11,2.6188370935757286,32.59792845005654,16.97807721382655
put,finger,1071,192,11,3.280811385822251,996.8120083056627,77.9728742903025
much,surprise,1227,347,11,3.242471752721791,470.2402492722606,62.19900674416281
whole,heart,889,897,11,3.1777417827637673,241.14842982665107,48.85431750669921
ask,advice,1621,55,11,3.3010973234185763,2327.6216406694975,96.18714773955077
prince,think,1984,2317,11,2.5160118406502985,26.224009490151037,14.615015974922226
tell,nothing,2482,1567,11,2.639255220588296,34.106208187270745,17.470786775780716
general,prince,935,1984,11,2.993546193905564,91.99412298696257,31.48274558932593
alexey,karamazov,226,168,11,3.3100121846164363,5495.1923381903625,115.37598537519139
fourteen,year,26,871,11,3.3126807040310062,9228.031892323577,131.6723902248508
general,widow,935,92,11,3.3016433231813145,2413.249943659901,97.02568955919864
right,side,927,427,11,3.247686181077895,507.4367763053646,63.79966803058159
show,letter,660,544,11,3.2540934491070446,561.6407876044017,65.95506795111099
begin,try,1745,630,11,3.125159131929098,169.1802746726022,42.07562829262863
exclaim,alyosha,181,1239,11,3.2775672590023057,912.2098926965498,76.64257659694061
raskolnikov,begin,782,1745,11,3.078964242911958,132.29655644098636,37.699442092875145
need,tell,499,2482,11,3.1009212706912104,147.84974884525386,39.76612192341307
mavriky,mavrikyevitch,149,11,11,3.3163393378478627,127785.15530915496,184.76300596350478
catch,cold,309,167,11,3.3076374775143824,4037.40476636479,108.49337094064477
heart,ache,897,58,11,3.3075638067329987,4004.4000591869476,108.05477174564192
preliminary,inquiry,20,79,11,3.316349613441484,132557.7009126586,192.36265044415276
eye,gleam,1211,47,11,3.3067119774380855,3658.4082658049956,106.04862385159393
bad,action,376,157,11,3.306343623531166,3526.548904301967,105.47176031206874
polina,alexandrovna,149,242,11,3.310344835189588,5787.436935637536,116.79690218724973
good,anything,1595,796,11,3.095504465389555,143.72441456539954,39.10891277172009
wear,coat,214,154,11,3.310885087586403,6334.249343516594,118.51598361577292
zero,turn,39,1279,11,3.3079373855180303,4177.542174663334,112.27161847934791
door,stand,750,1039,11,3.18090858138765,247.26747745886777,49.36444216071942
prince,nicolaievitch,1984,41,11,3.302457707516423,2553.2329379209677,98.18175334544692
prince,observe,1984,415,11,3.1732262689364887,232.8915605173888,48.1107952861722
bring,tea,817,202,11,3.2878820392090624,1247.3848450207079,82.79985473326127
turn,prince,1279,1984,11,2.874680913500491,62.01667991623042,25.344296094346184
look,prince,2970,1984,11,2.2903751310441565,16.95339010895518,10.633642898979968
epanchin,family,204,388,11,3.3028394719438308,2624.5477168880757,99.31878878085385
bell,ring,88,107,11,3.3149848752785434,22224.81151374935,146.9109701106202
put,faith,1071,169,11,3.2851015332402844,1135.4365029262535,80.75183247294362
prince,smile,1984,734,11,3.0629994536771328,122.68671685284343,36.29307362909091
continue,prince,234,1984,11,3.2357687565914834,429.47596396336235,60.74553096304896
stupid,thing,259,1295,11,3.2582097822465412,602.7399638866938,67.70596447435659
raskolnikov,smile,782,734,11,3.2166575457574136,343.27982105281836,55.85030824562119
serious,matter,153,609,11,3.3003968414263167,2226.2043956571324,95.94973135819599
prince,lebedeff,1984,375,11,3.187047813169637,259.9834221932883,50.24935591627109
matter,importance,609,70,11,3.3092002385577803,4891.8394496929905,112.49028699580883
look,man,2970,2546,11,1.9996733626303869,10.070353318799842,7.07032845995737
alexandrovna,begin,242,1745,11,3.2430776644202175,474.2914926910501,62.76675277939113
pole,sofa,125,258,11,3.311008046384646,6473.396179019892,119.41261253462814
nothing,induce,1567,37,11,3.306527016752909,3590.9955285055257,105.62044543165571
thou,wouldst,169,13,11,3.3162421551149737,95324.34901598516,178.2166821866479
hundredth,time,14,2625,11,3.3102243146677965,5678.0464252552465,128.27370759776724
cry,boy,1704,461,11,3.1798124019596834,245.11727261581188,49.11096695655014
stay,minute,341,677,11,3.2764181341428005,885.5172547144548,75.69561278248209
alyosha,stand,1239,1039,11,3.092421613140677,141.46596931426623,38.84368945163001
mutter,alyosha,297,1239,11,3.252535912941759,547.4669156184926,65.64355726831552
young,gentleman,776,637,11,3.2305341253733446,402.058220556535,59.048381874670476
lip,quiver,260,69,11,3.3135003132442273,11654.483383899962,131.77553053394342
love,brother,1234,548,11,3.1988504645001807,288.15993206246037,52.307250430005595
laugh,talk,1027,1065,11,3.1261335716970473,170.1517590068508,42.22479833721515
stand,beside,1039,231,11,3.274824197993333,850.9222658281273,74.61466074887228
great,curiosity,1202,157,11,3.283757868752397,1088.1269497419637,79.83019928377158
moment,door,1301,750,11,3.1466856297518944,193.24558805063975,44.57900200036036
mean,escape,1062,139,11,3.290915255115873,1397.1258059437998,85.19961090527495
alyosha,felt,1239,657,11,3.1748524251676495,235.80436706073516,48.384753532453914
alyosha,cry,1239,1704,11,2.948922948224613,78.4381581454731,28.9040153918298
intelligent,man,51,2546,11,3.2940104729096165,1591.3393779266805,90.42067767284716
ivan,laugh,797,1027,11,3.174069390101215,234.39346680305079,48.318742675314944
ivan,begin,797,1745,11,3.074405536758951,129.42256067191863,37.30875826411221
laugh,ivan,1027,797,11,3.174069390101215,234.39346680305079,48.28732333726679
squeeze,hand,56,1662,11,3.30041512849971,2228.7406059597874,97.46851529152667
father,teacher,1140,74,11,3.3019324331035302,2461.167813910638,97.42926352118903
minute,look,677,2970,11,2.966437784632763,83.3425538450823,29.927986603726072
think,mitya,2317,911,11,2.9490046304857693,78.4599328223981,28.87224275115343
mitya,sit,911,1134,11,3.1367019326548555,181.36626328496024,43.42465164802761
day,day,1711,1711,11,2.8067601104792677,51.24506002158658,22.62911529588557
poor,boy,422,461,11,3.2827428490977755,1054.876907822908,79.35222883843953
air,man,292,2546,11,3.1871467375285634,260.1982078963945,50.597015100345
wry,smile,14,734,11,3.3148350954393235,20362.9734328271,156.30234464114076
year,pass,871,521,11,3.2375913682396678,439.87534703430424,60.86752074793605
heart,soul,897,341,11,3.263352455609903,663.0138116880931,69.37280545203825
time,hear,2625,1132,11,2.799100613329197,50.21144478890083,22.333986361647042
arkady,ivanovitch,11,82,11,3.3164676956868226,232212.95174053626,219.06741089569837
end,table,622,520,11,3.2602936378003418,625.8368602146687,68.22281084271758
nasty,thing,65,1295,11,3.301964653185223,2466.625111630858,99.33182869243718
want,kill,1315,432,11,3.217686498420335,347.0718498243342,56.01169125236115
woman,love,1047,1234,11,3.0916070546429655,140.87962004034875,38.784940227093784
want,talk,1315,1065,11,3.072714417876594,128.38387198543177,37.11499684533053
great,number,1202,120,11,3.291503576391321,1430.3567924052786,85.6918755675837
set,right,420,927,11,3.248816322213592,516.2531635980044,64.30911964172222
receive,news,349,135,11,3.308419119279987,4424.083163343933,110.44442561327187
room,sit,1129,1134,11,3.0936468470580185,142.35604329818523,38.964523035523904
strike,table,344,520,11,3.2854705837976184,1149.144952484634,81.24621010361349
good,friend,1595,606,11,3.148284442454267,195.27922765475776,44.760906064512646
sonia,look,399,2970,11,3.110236880040286,155.452969442274,40.7313074090262
notice,nothing,475,1567,11,3.18699121032342,259.860673114108,50.42088862540986
use,call,663,660,11,3.240414718208967,456.96734040560636,61.691353731776346
walk,beside,563,231,11,3.293974421250642,1588.771731081528,88.06724236459837
hand,press,1662,128,11,3.279574134685251,962.7983776327214,77.19428473469894
round,room,493,1129,11,3.2196864075991307,354.67266716087966,56.59395860880847
much,agitate,1227,52,11,3.3055125195860984,3261.152741384049,103.5423260227292
man,cry,2546,1704,11,2.561040536872766,28.790310540693515,15.583031984467294
last,interview,1586,82,11,3.2939745954132458,1588.7841155237984,87.92943348515485
begin,read,1745,561,11,3.146129180232931,192.54677228753403,44.48933411667261
silk,dress,37,285,11,3.314788245698916,19842.95877012432,146.63582402370008
time,day,2625,1711,11,2.5343952259633213,27.23396030627688,14.995897947566387
good,society,1595,245,11,3.248566398877219,514.2782505382345,64.02381502600558
cry,alarm,1704,205,11,3.255786309615439,577.8694928300106,66.43870736385844
common,cause,90,243,11,3.312815854211512,9556.244274330102,128.3507777739049
listen,listen,702,702,11,3.230796762579791,403.3541109112874,59.12964407441768
think,minute,2317,677,11,3.043431762658649,112.44855238655725,34.7797473601317
lie,floor,568,177,11,3.299115178825362,2061.6492839201283,93.69528397934103
cup,tea,55,202,11,3.3146898438278005,18832.72522937281,144.19934698916856
throw,round,329,493,11,3.2883761385158845,1269.5844452484375,83.39754910715504
wave,arm,101,291,11,3.311505977268751,7105.230273769773,121.69747362464985
sit,corner,1134,304,11,3.2565846709910033,585.8407055506206,66.75865941012276
hand,begin,1662,1745,11,2.8115201486022032,51.90358830563515,22.8055739215775
sonia,sonia,399,399,11,3.2888979296767027,1293.8872498240746,83.73958138150702
felt,something,657,1444,11,3.1513953348823476,199.34926856462175,45.24940559770868
moment,life,1301,1043,11,3.0802960643427912,133.15722954386652,37.7606519137911
hear,talk,1132,1065,11,3.1066578385333403,152.45169107516423,40.201452993024915
high,rank,285,71,11,3.3131006100686338,10330.1701267331,129.08781755678348
god,god,803,803,11,3.2043231759976383,303.23754019394994,53.36759130354264
sit,table,1134,520,11,3.213924586179458,333.57723112142423,55.22933177540455
young,friend,776,606,11,3.234723780969018,423.7224659547979,60.11854767849993
tell,straight,2482,290,11,3.191266031432324,269.44347921263517,50.93825396055728
wet,towel,72,27,11,3.3162862182537207,107733.10708999481,181.94911231048854
eye,glow,1211,37,11,3.3088210865694285,4653.097321687832,111.29781350648697
hat,hand,217,1662,11,3.2538123506646013,559.030736802604,66.22708701599697
face,work,1410,382,11,3.2228173287266424,367.22339254234646,57.14358896389378
deep,sigh,122,70,11,3.3151374417194233,24506.801888480866,148.64558137131755
strange,idea,548,798,11,3.2404627870876004,457.2693168483448,61.741955003633265
whole,face,889,1410,10,2.9333110655375574,118.8349303856934,34.054750318246406
thing,tell,1295,2482,10,2.575163172780015,35.71796512084644,17.441187520606405
poor,thing,422,1295,10,3.062454004375515,297.1020705997531,49.968324079071834
shut,door,91,750,10,3.1498108913201603,2516.604991150191,91.93134476461718
hour,half,508,387,10,3.1263667900074354,860.704213055039,69.98098494756645
bad,sign,376,211,10,3.147785886199994,2162.1649154470783,88.06690193598673
bend,head,82,804,10,3.15023503545592,2605.9420986259497,92.75114918935105
table,look,520,2970,10,2.8801724908029747,92.98779547060282,30.280291231128732
mitya,tell,911,2482,10,2.749257352824132,57.870786527746176,23.406544473874323
last,drop,1586,255,10,3.088403149907792,408.2943391570155,55.66109592062252
cry,grushenka,1704,364,10,3.0489796648757683,259.469807862674,47.351756788941735
hear,name,1132,335,10,3.09300809119224,436.73663834527406,56.94371432684101
refuse,answer,197,818,10,3.1328422032773164,1054.402094791416,74.23014325574043
time,something,2625,1444,10,2.469892497982698,27.86174734522732,14.7804189232668
cry,laugh,1704,1027,10,2.8426154591642265,79.93646554855609,27.904913865801053
much,time,1227,2625,10,2.573942068754369,35.61003613058469,17.410164210723877
cry,turn,1704,1279,10,2.764178385500111,60.69329938271218,24.00967905370139
nothing,world,1567,429,10,3.039483548947382,237.91512601442219,45.806485390382115
want,help,1315,383,10,3.0702802125997186,324.026290632071,51.39946114765891
whole,future,889,181,10,3.1328854944746354,1055.98428850045,73.8631142490854
hand,shake,1662,194,10,3.1033819041801967,517.1141790319502,60.096134351221785
little,pole,1465,125,10,3.12882744704999,925.4742430254946,71.25832981204559
window,look,340,2970,10,2.977824280198692,152.0237760668334,38.26331248437448
present,condition,405,163,10,3.150219143750575,2602.481516456459,91.70888960368481
round,hat,493,217,10,3.142736159829166,1598.298678834833,82.05546524639402
cry,clasp,1704,61,10,3.143290908210002,1645.5780125968267,82.48430783600362
hand,foot,1662,308,10,3.0687730578778627,318.4905552224493,51.06890198401694
public,opinion,161,251,10,3.154896054367275,4264.020274215665,101.87931377501147
laugh,prince,1027,1984,10,2.7900888064170655,66.14129452239534,25.222962412986757
everything,world,811,429,10,3.0987256345141168,477.78977574102447,58.664624992655455
hour,time,508,2625,10,2.918696176518569,110.59449425642994,32.98144601179798
oh,prince,1118,1984,10,2.7571100472239114,59.32988123476244,23.725693884083714
dark,brown,208,16,10,3.1616697567731133,51999.412980051624,151.6280669763426
lay,stress,414,14,10,3.1612189437984997,29848.981953890252,140.28986120117972
look,ground,2970,189,10,3.059743281302876,288.73569355009994,49.257037661927
nothing,tell,1567,2482,10,2.451846461915432,26.75866953372591,14.395157913694874
turn,look,1279,2970,10,2.4684074455177014,27.76869371103084,14.771496889700511
high,society,285,245,10,3.149523196654432,2459.3901362341635,90.6962267025302
pace,room,145,1129,10,3.1323747679442384,1037.6102144046476,74.10406912710138
seem,something,1349,1444,10,2.806457628248957,69.99815369377285,26.001421408014153
prince,sit,1984,1134,10,2.751311584069071,58.24700236489028,23.448155552821785
thousand,gülden,614,69,10,3.1545389476552126,4066.334248665437,100.4681555198828
sit,look,1134,2970,10,2.5470713869753623,33.34736161651611,16.69015466665519
future,life,181,1043,10,3.1277939382127267,897.143949610691,71.14026733050869
hear,call,1132,660,10,3.0258062705437476,212.1488213753718,43.802916383545416
twelve,year,82,871,10,3.149231483396548,2403.9526554821423,91.15587072683931
rouble,copeck,543,56,10,3.1567232351553884,5673.275917699117,107.10884430449723
throw,arm,329,291,10,3.1447896604209857,1788.3110806426828,84.36498777597907
cry,man,1704,2546,10,2.369814209577754,22.410387048443866,12.723062696630599
rush,door,282,750,10,3.1236443764848882,798.6592850091746,68.69327537810871
money,pocket,993,235,10,3.119652270504261,722.0113333530588,66.49988954049627
door,lead,750,267,10,3.1256993383829466,844.6380178759958,69.55404580667243
madame,epanchin,247,204,10,3.1530736228244374,3415.7796812555334,97.2544052513622
raskolnikov,think,782,2317,10,2.8313111594288296,76.59336732944016,27.336871615948255
hand,shoulder,1662,175,10,3.1091500452305856,575.3909714350611,62.1213127621077
rapid,glance,61,252,10,3.159469760230873,11242.082779957736,122.28414842092639
wait,hear,639,1132,10,3.030148542031804,219.75021115908626,44.485530967796734
eye,glitter,1211,26,10,3.156526324139734,5478.353955599404,106.31119206375601
move,chair,337,362,10,3.139993836009118,1399.161570480445,79.54021852395589
peculiar,way,99,1198,10,3.1406134298542923,1439.7454108932907,80.8368656398031
whole,company,889,150,10,3.137919511803398,1278.3192469509522,77.58886619354664
utter,cry,169,1704,10,3.10967501949681,581.329635540855,62.84253179786422
canal,bank,22,57,10,3.162048600415476,138034.70566852918,176.1099350325807
send,message,591,60,10,3.1558004202657,4862.158102684399,104.02550737357225
time,think,2625,2317,10,2.05129675934828,11.97706468082016,7.963509229212468
think,thing,2317,1295,10,2.6141937490971303,39.430155529397965,18.548327921940068
something,kind,1444,278,10,3.0889507744207148,411.48947777256603,55.812407653928005
shatov,look,433,2970,10,2.927370855677571,115.36123386515361,33.682541041145186
filipov,house,18,888,10,3.1593579703036183,10810.877601238402,126.78473415244268
stand,window,1039,340,10,3.0977500299365595,470.26972829135866,58.339863382737796
clear,day,282,1711,10,3.0741422623251093,339.0763923398409,52.500265601471284
equal,footing,65,30,10,3.161921466772716,88759.7959981773,163.4525423865704
little,heart,1465,897,10,2.922238930830821,112.49937905615069,33.14153234347998
man,want,2546,1315,10,2.5507228259391117,33.64272252482805,16.7542774750002
town,talk,549,1065,10,3.055477180402508,276.4298165428624,48.60833967387061
que,je,37,46,10,3.161966767266113,101695.98218171956,167.53415068428097
look,father,2970,1140,10,2.5438163273288383,33.08711865806408,16.569577942020285
several,day,212,1711,10,3.0960198433500343,457.478142664541,58.18866444263855
feel,sorry,533,174,10,3.145337102270628,1846.743959137086,84.88068241516913
moment,seem,1301,1349,10,2.841694653570617,79.65523491209674,27.867938222224176
great,writer,1202,30,10,3.1556908222978035,4780.924878217791,103.60422754448719
begin,walk,1745,563,10,2.9828228608511678,156.78331697568441,38.568556848025224
hold,tight,550,31,10,3.1591632512473224,10133.710728391152,118.66243840545926
steal,money,119,993,10,3.140692888381017,1445.118567195896,80.73119039971897
universal,history,40,66,10,3.1617954291096346,65555.98637343335,158.5089577249738
good,spirit,1595,146,10,3.1197408621949774,723.5561647312175,66.50374407305208
remain,silent,302,291,10,3.1462248458105897,1949.971793928906,86.09628856076824
literary,matinée,66,23,10,3.1620003773096013,114025.1919176886,168.43484561473358
man,sit,2546,1134,10,2.6348988145288437,41.629881904593816,19.18532667105141
printing,press,11,128,10,3.1620204702703822,122934.97240421496,183.5441251278329
time,begin,2625,1745,10,2.32556567400909,20.440015771915323,11.903832551765486
write,something,602,1444,10,3.0034906629737965,179.65430828884678,40.98471092348536
open,gate,682,120,10,3.147328497347307,2095.401623354752,87.32836375684862
good,man,1595,2546,10,2.4205058270157696,24.977095067433854,13.72834540267091
business,man,320,2546,10,3.0134582328274164,192.96152547538114,42.354564884939286
sit,silent,1134,291,10,3.1019998738050227,504.8080323835962,59.66802741820432
shut,eye,91,1211,10,3.1421479840681217,1551.0167322758853,82.3919371843643
try,catch,630,309,10,3.1267185994843834,869.4153705183736,70.13797856824736
forgive,everything,359,811,10,3.1090954289099177,574.7798706507041,62.31470559489381
kill,man,432,2546,10,2.96137143325808,138.03600062492623,36.599622877670804
raskolnikov,sit,782,1134,10,3.000294055576817,175.7343195258463,40.57118482953518
burst,laughter,159,148,10,3.157979227867481,7336.829843048914,112.68397289011251
stepanovitch,look,509,2970,10,2.886140100154935,95.39142463866551,30.674342861039452
ask,raskolnikov,1621,782,10,2.930729668067037,117.30337353510647,33.80276357549232
mitya,hand,911,1662,10,2.885710476120781,95.21488876322671,30.57284932578046
raskolnikov,turn,782,1279,10,2.9795818662771905,153.66752484500572,38.294048925814174
sonia,stand,399,1039,10,3.086552588219861,397.8392861661354,55.3585817477329
rise,foot,287,308,10,3.146130956884758,1938.5175068046194,85.99776072450186
begin,ask,1745,1621,10,2.6455880870010624,42.8365765323362,19.540154819551578
reach,home,258,469,10,3.1401750379827065,1410.795006609989,79.79412471085271
nonsense,nonsense,277,277,10,3.1482620893705042,2236.304665976486,88.82846257053244
draw,deep,258,122,10,3.1565281507725325,5480.100784162986,106.62632481194579
alyosha,hand,1239,1662,10,2.786134146408803,65.2605107906364,25.02334305913994
deep,breath,122,111,10,3.1598040340329567,12763.983601350415,123.92464946019577
faint,smile,89,734,10,3.1503449987503758,2630.140296921157,92.83058817817567
semyon,zaharovitch,51,10,10,3.162184501895667,339432.1571573374,190.75374526013474
whole,secret,889,292,10,3.1148604646845492,647.0551961954528,64.41071218457307
much,love,1227,1234,10,2.885703900242707,95.2121909778979,30.54869616548142
rest,hope,310,240,10,3.1486875121492224,2306.932760767716,89.40334519378074
glass,champagne,159,79,10,3.1599832267104677,13762.397192742586,125.22738326794158
commit,crime,103,165,10,3.1591732977277127,10166.57057001869,119.54643157292995
hear,news,1132,135,10,3.134363057745159,1112.9282161395495,74.86155295348992
child,cry,758,1704,10,2.926343922718382,114.77853685810398,33.51566222317022
father,blood,1140,221,10,3.116257473448669,667.295643715152,64.975853088316
time,try,2625,630,10,2.8601982611538506,85.63891728733051,28.90888843881616
wooden,house,50,888,10,3.154167410544044,3879.1382594738184,101.50794496069774
sort,woman,699,1047,10,3.028594990836872,216.97379773685884,44.24896805845223
address,raskolnikov,262,782,10,3.1248528767442263,825.0872079848988,69.34863623471077
old,merchant,1356,82,10,3.1419669647578132,1537.0161670467758,81.15944430139737
varvara,look,474,2970,10,2.9051279480929915,103.7873650973344,31.993670824860693
je,suis,46,13,10,3.162168427527042,289479.33144910284,187.8181871367311
man,use,2546,663,10,2.8539424091463226,83.53476034880192,28.53932795686995
hand,pocket,1662,235,10,3.0909348629661997,423.4767514951296,56.339845288426474
want,look,1315,2970,10,2.448877087638558,26.582787658862618,14.337809409593977
seem,try,1349,630,10,3.0070376185414847,184.19336072538775,41.33054128680396
little,brother,1465,548,10,3.0156319258573627,196.10435135526018,42.41026162263925
reach,house,258,888,10,3.1204287721068074,735.774316992311,67.14683808238021
laugh,face,1027,1410,10,2.8977684445487464,100.3890975190873,31.378412165225964
cry,trofimovitch,1704,513,10,3.002602188780716,178.54898543556158,40.780986685666285
cry,stepan,1704,525,10,2.9988670900348056,174.0340757746668,40.342029586678
stand,moment,1039,1301,10,2.9153645809577973,108.85331283557196,32.64395266466733
fix,eye,159,1211,10,3.127106028300897,879.210153127532,70.82723414970314
petrovna,look,507,2970,10,2.8872251200371095,95.83974183195336,30.747000286695048
ivan,ask,797,1621,10,2.926288210418034,114.74707070585715,33.505705033188335
serve,right,126,927,10,3.1409422237579814,1462.2390067325236,80.91335212422972
table,stand,520,1039,10,3.0635883433432425,300.7396391039249,50.1473215226827
begin,pull,1745,250,10,3.082590804343685,377.0900435399147,54.1774118042561
end,life,622,1043,10,3.0437755880334865,247.22894441968387,46.5816335902416
